{
  "train": {
    "dishwasher": {
      "count": 223,
      "mean_min": 15.909715994020928,
      "median_min": 6.8,
      "p25_min": 0.9333333333333333,
      "p75_min": 16.733333333333334,
      "p95_min": 73.73333333333333,
      "max_min": 92.66666666666667,
      "total_on_hours": 59.13111111111111,
      "pct_of_span": 8.212654320987655,
      "hour_frac": {
        "0": 0.00014814814814814815,
        "1": 7.407407407407407e-05,
        "2": 7.407407407407407e-05,
        "3": 0.0,
        "4": 0.0,
        "5": 0.0,
        "6": 0.00014814814814814815,
        "7": 0.013259259259259259,
        "8": 0.08503703703703704,
        "9": 0.1174074074074074,
        "10": 0.12081481481481482,
        "11": 0.1651111111111111,
        "12": 0.15207407407407408,
        "13": 0.1431851851851852,
        "14": 0.14755555555555555,
        "15": 0.10629629629629629,
        "16": 0.09125925925925926,
        "17": 0.08837037037037038,
        "18": 0.16362962962962962,
        "19": 0.24185185185185185,
        "20": 0.18674074074074073,
        "21": 0.10466666666666667,
        "22": 0.0417037037037037,
        "23": 0.0016296296296296295
      }
    },
    "fridge": {
      "count": 530,
      "mean_min": 29.588679245283014,
      "median_min": 29.333333333333332,
      "p25_min": 26.166666666666664,
      "p75_min": 34.0,
      "p95_min": 50.41333333333332,
      "max_min": 123.73333333333333,
      "total_on_hours": 261.3666666666666,
      "pct_of_span": 36.30092592592592,
      "hour_frac": {
        "0": 0.3362962962962963,
        "1": 0.24851851851851853,
        "2": 0.3754074074074074,
        "3": 0.27111111111111114,
        "4": 0.31222222222222223,
        "5": 0.28503703703703703,
        "6": 0.3414814814814815,
        "7": 0.42844444444444446,
        "8": 0.3631111111111111,
        "9": 0.44207407407407406,
        "10": 0.3457037037037037,
        "11": 0.3758518518518518,
        "12": 0.3718518518518519,
        "13": 0.2833333333333333,
        "14": 0.36644444444444446,
        "15": 0.3919259259259259,
        "16": 0.3933333333333333,
        "17": 0.4524444444444444,
        "18": 0.38355555555555554,
        "19": 0.4448888888888889,
        "20": 0.39666666666666667,
        "21": 0.42088888888888887,
        "22": 0.36118518518518516,
        "23": 0.3204444444444444
      }
    },
    "microwave": {
      "count": 61,
      "mean_min": 31.24153005464481,
      "median_min": 1.4666666666666666,
      "p25_min": 0.9333333333333333,
      "p75_min": 2.533333333333333,
      "p95_min": 6.4,
      "max_min": 1774.8,
      "total_on_hours": 31.762222222222224,
      "pct_of_span": 4.41141975308642,
      "hour_frac": {
        "0": 0.03333333333333333,
        "1": 0.03348148148148148,
        "2": 0.03333333333333333,
        "3": 0.03348148148148148,
        "4": 0.03333333333333333,
        "5": 0.03333333333333333,
        "6": 0.03333333333333333,
        "7": 0.03540740740740741,
        "8": 0.06955555555555555,
        "9": 0.06733333333333333,
        "10": 0.06733333333333333,
        "11": 0.0694074074074074,
        "12": 0.06748148148148148,
        "13": 0.05785185185185185,
        "14": 0.03422222222222222,
        "15": 0.035925925925925924,
        "16": 0.06340740740740741,
        "17": 0.053703703703703705,
        "18": 0.03562962962962963,
        "19": 0.03333333333333333,
        "20": 0.03451851851851852,
        "21": 0.03333333333333333,
        "22": 0.03333333333333333,
        "23": 0.03333333333333333
      }
    },
    "washing_machine": {
      "count": 1396,
      "mean_min": 1.457497612225406,
      "median_min": 0.8,
      "p25_min": 0.26666666666666666,
      "p75_min": 1.6,
      "p95_min": 4.433333333333334,
      "max_min": 20.0,
      "total_on_hours": 33.91111111111111,
      "pct_of_span": 4.709876543209877,
      "hour_frac": {
        "0": 0.00014814814814814815,
        "1": 0.0,
        "2": 0.0,
        "3": 0.0,
        "4": 0.0,
        "5": 0.0,
        "6": 0.04081481481481482,
        "7": 0.03525925925925926,
        "8": 0.02637037037037037,
        "9": 0.07844444444444444,
        "10": 0.030222222222222223,
        "11": 0.00022222222222222223,
        "12": 0.01911111111111111,
        "13": 0.07392592592592592,
        "14": 0.10377777777777777,
        "15": 0.1205925925925926,
        "16": 0.09881481481481481,
        "17": 0.15051851851851852,
        "18": 0.1257037037037037,
        "19": 0.08725925925925926,
        "20": 0.07659259259259259,
        "21": 0.04437037037037037,
        "22": 0.018222222222222223,
        "23": 0.0
      }
    }
  },
  "validation": {
    "dishwasher": {
      "count": 30,
      "mean_min": 15.355555555555554,
      "median_min": 5.3999999999999995,
      "p25_min": 1.2333333333333334,
      "p75_min": 14.533333333333333,
      "p95_min": 73.42666666666666,
      "max_min": 88.66666666666667,
      "total_on_hours": 7.677777777777777,
      "pct_of_span": 4.5701058201058204,
      "hour_frac": {
        "0": 0.0,
        "1": 0.0,
        "2": 0.0,
        "3": 0.0,
        "4": 0.0,
        "5": 0.0,
        "6": 0.0,
        "7": 0.0,
        "8": 0.0,
        "9": 0.0,
        "10": 0.0,
        "11": 0.0,
        "12": 0.0,
        "13": 0.0,
        "14": 0.0,
        "15": 0.0,
        "16": 0.0,
        "17": 0.04,
        "18": 0.28444444444444444,
        "19": 0.326984126984127,
        "20": 0.15333333333333332,
        "21": 0.14412698412698413,
        "22": 0.1403174603174603,
        "23": 0.007619047619047619
      }
    },
    "fridge": {
      "count": 104,
      "mean_min": 31.832051282051278,
      "median_min": 31.933333333333334,
      "p25_min": 28.7,
      "p75_min": 34.03333333333333,
      "p95_min": 45.693333333333335,
      "max_min": 77.06666666666666,
      "total_on_hours": 55.17555555555555,
      "pct_of_span": 32.84259259259259,
      "hour_frac": {
        "0": 0.16158730158730158,
        "1": 0.39174603174603173,
        "2": 0.17936507936507937,
        "3": 0.39111111111111113,
        "4": 0.2073015873015873,
        "5": 0.31047619047619046,
        "6": 0.4038095238095238,
        "7": 0.2688888888888889,
        "8": 0.3514285714285714,
        "9": 0.3333333333333333,
        "10": 0.23333333333333334,
        "11": 0.3196825396825397,
        "12": 0.32285714285714284,
        "13": 0.253015873015873,
        "14": 0.4174603174603175,
        "15": 0.3504761904761905,
        "16": 0.5073015873015873,
        "17": 0.3057142857142857,
        "18": 0.33936507936507937,
        "19": 0.346031746031746,
        "20": 0.4453968253968254,
        "21": 0.3403174603174603,
        "22": 0.2365079365079365,
        "23": 0.4657142857142857
      }
    },
    "microwave": {
      "count": 8,
      "mean_min": 2.033333333333333,
      "median_min": 2.0,
      "p25_min": 1.4333333333333331,
      "p75_min": 2.2666666666666666,
      "p95_min": 3.8266666666666653,
      "max_min": 4.666666666666667,
      "total_on_hours": 0.2711111111111111,
      "pct_of_span": 0.16137566137566134,
      "hour_frac": {
        "0": 0.0,
        "1": 0.0,
        "2": 0.0,
        "3": 0.0,
        "4": 0.0,
        "5": 0.0,
        "6": 0.0,
        "7": 0.003492063492063492,
        "8": 0.0,
        "9": 0.0,
        "10": 0.0,
        "11": 0.004761904761904762,
        "12": 0.0,
        "13": 0.0,
        "14": 0.0031746031746031746,
        "15": 0.0,
        "16": 0.009523809523809525,
        "17": 0.017777777777777778,
        "18": 0.0,
        "19": 0.0,
        "20": 0.0,
        "21": 0.0,
        "22": 0.0,
        "23": 0.0
      }
    },
    "washing_machine": {
      "count": 301,
      "mean_min": 1.50609080841639,
      "median_min": 0.8,
      "p25_min": 0.26666666666666666,
      "p75_min": 1.4666666666666666,
      "p95_min": 5.6,
      "max_min": 17.733333333333334,
      "total_on_hours": 7.555555555555556,
      "pct_of_span": 4.497354497354498,